first_name,last_name,email,gender,phone_number,guardian_name,guardian_phone_number,registration_number,address,city,country,date_of_birth
Hannis,Minors,hminors0@comcast.net,Female,896-470-0189,Hannis Minors,682-847-8884,69251674,32116 Del Sol Avenue,Kandete,Tanzania,2004-05-21
Revkah,Duguid,rduguid1@ca.gov,Female,429-643-6398,Revkah Duguid,764-553-0340,03925079,75 Ruskin Point,Wajir,Kenya,2006-08-30
Lindsy,Dunnion,ldunnion2@vk.com,Female,716-726-2977,Lindsy Dunnion,413-197-5693,81814183,937 Buell Trail,Muleba,Tanzania,2007-12-15
Allix,Aindrais,aaindrais3@google.com.au,Female,992-845-9292,Allix Aindrais,656-155-2656,09026913,755 Farragut Center,Mgandu,Tanzania,1999-07-14
Rudolph,Bratt,rbratt4@lulu.com,Male,602-555-1480,Rudolph Bratt,407-739-0779,12773995,033 Northport Place,Kwakoa,Tanzania,2004-02-01
Loretta,Giabucci,lgiabucci5@networksolutions.com,Female,857-794-5218,Loretta Giabucci,215-796-3906,59262363,09178 Rieder Way,Mhango,Tanzania,2001-05-28
Angie,De Micoli,ade6@npr.org,Male,930-615-3457,Angie De Micoli,179-512-0738,43226245,560 Browning Street,Mvomero,Tanzania,2000-11-28
Addison,Hendriks,ahendriks7@goo.ne.jp,Male,909-888-1697,Addison Hendriks,646-427-9493,41318125,1919 Meadow Valley Hill,Kihangara,Tanzania,2006-04-09
Cosme,Barnby,cbarnby8@bluehost.com,Male,657-143-5110,Cosme Barnby,715-150-0312,37916953,5 Delaware Avenue,Mubende,Uganda,2002-05-17
